{
	 "rootnode": {
		 "name": "<BlenderRoot>"
		,"transformation": [
			 1
			,0
			,0
			,0
			,0
			,1
			,0
			,0
			,0
			,0
			,1
			,0
			,0
			,0
			,0
			,1
		]
		,"children": [
			{
				 "name": "Sphere"
				,"transformation": [
					 1
					,0
					,0
					,0
					,0
					,1
					,0
					,0
					,0
					,0
					,1
					,0
					,0
					,0
					,0
					,1
				]
				,"meshes": [
					 0
				]
			}
		]
	}
	,"flags": 8
	,"meshes": [
		{
			 "name": "Sphere"
			,"materialindex": 0
			,"primitivetypes": 4
			,"vertices": [
				 -1.36368e-008
				,0.155451
				,-0.155451
				,-2.01885e-008
				,0.203106
				,-0.0841292
				,0.143618
				,0.143618
				,-0.0841292
				,0.10992
				,0.10992
				,-0.155451
				,-9.81963e-009
				,0.21984
				,-1.04113e-008
				,-2.01885e-008
				,0.203106
				,0.0841292
				,0.143618
				,0.143618
				,0.0841292
				,0.15545
				,0.155451
				,-1.04113e-008
				,-1.36368e-008
				,0.155451
				,0.155451
				,-1.03609e-008
				,0.0841293
				,0.203106
				,0.0594883
				,0.0594884
				,0.203106
				,0.10992
				,0.10992
				,0.155451
				,-1.03609e-008
				,0.0841293
				,-0.203106
				,0.0594883
				,0.0594884
				,-0.203106
				,-3.3292e-008
				,8.62891e-008
				,0.21984
				,-9.81963e-009
				,1.09761e-007
				,-0.21984
				,0.15545
				,1.12496e-007
				,-0.155451
				,0.0841292
				,1.0922e-007
				,-0.203106
				,0.21984
				,1.05944e-007
				,-1.04113e-008
				,0.203106
				,1.12496e-007
				,-0.0841292
				,0.15545
				,1.12496e-007
				,0.155451
				,0.203106
				,1.12496e-007
				,0.0841292
				,0.0841292
				,1.0922e-007
				,0.203106
				,0.10992
				,-0.10992
				,0.155451
				,0.143618
				,-0.143617
				,0.0841292
				,0.0594883
				,-0.0594882
				,0.203106
				,0.0594883
				,-0.0594882
				,-0.203106
				,0.143618
				,-0.143617
				,-0.0841292
				,0.10992
				,-0.10992
				,-0.155451
				,0.15545
				,-0.15545
				,-1.04113e-008
				,-7.085e-009
				,-0.0841291
				,-0.203106
				,-5.33252e-010
				,-0.203106
				,-0.0841292
				,-7.085e-009
				,-0.15545
				,-0.155451
				,-5.33252e-010
				,-0.203106
				,0.0841292
				,-7.085e-009
				,-0.21984
				,-1.04113e-008
				,-7.085e-009
				,-0.0841291
				,0.203106
				,-7.085e-009
				,-0.15545
				,0.155451
				,-0.0594883
				,-0.0594882
				,0.203106
				,-0.10992
				,-0.10992
				,0.155451
				,-0.10992
				,-0.10992
				,-0.155451
				,-0.0594883
				,-0.0594882
				,-0.203106
				,-0.155451
				,-0.15545
				,-1.04113e-008
				,-0.143618
				,-0.143617
				,-0.0841292
				,-0.143618
				,-0.143617
				,0.0841292
				,-0.155451
				,1.12496e-007
				,-0.155451
				,-0.0841292
				,1.12496e-007
				,-0.203106
				,-0.21984
				,1.12496e-007
				,-1.04113e-008
				,-0.203106
				,9.93926e-008
				,-0.0841292
				,-0.155451
				,1.12496e-007
				,0.155451
				,-0.203106
				,9.93926e-008
				,0.0841292
				,-0.0841292
				,1.12496e-007
				,0.203106
				,-0.0594883
				,0.0594884
				,0.203106
				,-0.0594883
				,0.0594884
				,-0.203106
				,-0.143618
				,0.143618
				,-0.0841292
				,-0.10992
				,0.10992
				,-0.155451
				,-0.143618
				,0.143618
				,0.0841292
				,-0.155451
				,0.155451
				,-1.04113e-008
				,-0.10992
				,0.10992
				,0.155451
			]
			,"normals": [
				 0
				,0.729606
				,-0.683828
				,0
				,0.930296
				,-0.366771
				,0.657796
				,0.657796
				,-0.366771
				,0.515915
				,0.515915
				,-0.683828
				,0
				,1
				,0
				,0
				,0.930296
				,0.366771
				,0.657796
				,0.657796
				,0.366771
				,0.707083
				,0.707083
				,0
				,0
				,0.729606
				,0.683828
				,0
				,0.422559
				,0.906308
				,0.298807
				,0.298807
				,0.906308
				,0.515915
				,0.515915
				,0.683828
				,0
				,0.422559
				,-0.906308
				,0.298807
				,0.298807
				,-0.906308
				,0
				,0
				,1
				,0
				,0
				,-1
				,0.729606
				,0
				,-0.683828
				,0.422559
				,0
				,-0.906308
				,1
				,0
				,0
				,0.930296
				,0
				,-0.366771
				,0.729606
				,0
				,0.683828
				,0.930296
				,0
				,0.366771
				,0.422559
				,0
				,0.906308
				,0.515915
				,-0.515915
				,0.683828
				,0.657796
				,-0.657796
				,0.366771
				,0.298807
				,-0.298807
				,0.906308
				,0.298807
				,-0.298807
				,-0.906308
				,0.657796
				,-0.657796
				,-0.366771
				,0.515915
				,-0.515915
				,-0.683828
				,0.707083
				,-0.707083
				,0
				,0
				,-0.422559
				,-0.906308
				,0
				,-0.930296
				,-0.366771
				,0
				,-0.729606
				,-0.683828
				,0
				,-0.930296
				,0.366771
				,0
				,-1
				,0
				,0
				,-0.422559
				,0.906308
				,0
				,-0.729606
				,0.683828
				,-0.298807
				,-0.298807
				,0.906308
				,-0.515915
				,-0.515915
				,0.683828
				,-0.515915
				,-0.515915
				,-0.683828
				,-0.298807
				,-0.298807
				,-0.906308
				,-0.707083
				,-0.707083
				,0
				,-0.657796
				,-0.657796
				,-0.366771
				,-0.657796
				,-0.657796
				,0.366771
				,-0.729606
				,0
				,-0.683828
				,-0.422559
				,0
				,-0.906308
				,-1
				,0
				,0
				,-0.930296
				,0
				,-0.366771
				,-0.729606
				,0
				,0.683828
				,-0.930296
				,0
				,0.366771
				,-0.422559
				,0
				,0.906308
				,-0.298807
				,0.298807
				,0.906308
				,-0.298807
				,0.298807
				,-0.906308
				,-0.657796
				,0.657796
				,-0.366771
				,-0.515915
				,0.515915
				,-0.683828
				,-0.657796
				,0.657796
				,0.366771
				,-0.707083
				,0.707083
				,0
				,-0.515915
				,0.515915
				,0.683828
			]
			,